user_id,limite_pagamento,atualizado_em,limite_dia,limite_noite
1,3555.5,2025-05-14 23:25:03.275026,2933.45,8164.04
2,18209.74,2025-05-14 23:25:03.275077,15514.52,6999.34
3,8562.15,2025-05-14 23:25:03.275084,5984.42,1589.0
4,17020.26,2025-05-14 23:25:03.275089,14237.35,843.0
5,16032.43,2025-05-14 23:25:03.275095,6587.55,2336.59
6,12946.8,2025-05-14 23:25:03.275327,4481.34,8167.69
7,2622.56,2025-05-14 23:25:03.275336,14160.58,7564.67
8,16541.52,2025-05-14 23:25:03.275342,12989.68,7447.88
9,1384.85,2025-05-14 23:25:03.275347,1083.55,3219.44
10,675.79,2025-05-14 23:25:03.275352,4061.37,5564.04
11,11110.92,2025-05-14 23:25:03.275356,3732.24,1302.96
12,6065.25,2025-05-14 23:25:03.275361,13766.83,4698.34
13,7661.35,2025-05-14 23:25:03.275413,9796.5,8460.8
14,9812.59,2025-05-14 23:25:03.275425,8493.77,7302.74
15,19809.26,2025-05-14 23:25:03.275430,4331.28,4092.03
16,12746.44,2025-05-14 23:25:03.275434,7615.96,8095.66
17,12862.91,2025-05-14 23:25:03.275438,3245.57,550.92
18,7325.88,2025-05-14 23:25:03.275443,8729.71,6409.99
19,3354.18,2025-05-14 23:25:03.275447,6532.52,2173.21
20,19173.83,2025-05-14 23:25:03.275451,8887.41,6943.08
21,3457.48,2025-05-14 23:25:03.275455,9150.47,7030.85
22,14740.92,2025-05-14 23:25:03.275459,3856.36,1003.32
23,4003.62,2025-05-14 23:25:03.275463,3148.19,7229.34
24,141.69,2025-05-14 23:25:03.275467,5573.04,1240.83
25,7543.13,2025-05-14 23:25:03.275470,1121.72,1218.81
26,4894.97,2025-05-14 23:25:03.275475,4935.86,1781.21
27,14350.89,2025-05-14 23:25:03.275480,7947.79,693.8
28,3301.18,2025-05-14 23:25:03.275484,8074.91,4649.45
29,1741.84,2025-05-14 23:25:03.275488,7840.41,6795.38
30,17997.03,2025-05-14 23:25:03.275492,8201.19,3066.79
31,14936.53,2025-05-14 23:25:03.275495,6447.81,5521.88
32,9676.67,2025-05-14 23:25:03.275499,6683.64,7401.9
33,18842.75,2025-05-14 23:25:03.275503,5881.51,5448.89
34,10218.56,2025-05-14 23:25:03.275509,12632.77,5858.27
35,9071.47,2025-05-14 23:25:03.275513,14494.77,4930.4
36,14591.13,2025-05-14 23:25:03.275517,6887.43,4894.99
37,3633.05,2025-05-14 23:25:03.275521,7593.05,1467.44
38,9375.45,2025-05-14 23:25:03.275525,1949.83,5999.86
39,3966.42,2025-05-14 23:25:03.275529,12808.17,6326.43
40,18515.9,2025-05-14 23:25:03.275533,10830.94,8232.96
41,19133.82,2025-05-14 23:25:03.275536,14891.31,3106.58
42,3450.88,2025-05-14 23:25:03.275541,9649.72,5035.0
43,12296.18,2025-05-14 23:25:03.275545,12114.92,7552.47
44,19106.84,2025-05-14 23:25:03.275549,11992.08,6895.22
45,13144.94,2025-05-14 23:25:03.275552,9777.65,5622.86
46,4725.44,2025-05-14 23:25:03.275556,9259.88,2391.64
47,3331.28,2025-05-14 23:25:03.275560,10799.8,6119.76
48,4890.42,2025-05-14 23:25:03.275564,9664.08,7656.17
49,4063.73,2025-05-14 23:25:03.275568,9339.16,2964.49
50,8357.51,2025-05-14 23:25:03.275572,8336.55,5656.85
51,14742.3,2025-05-14 23:25:03.275575,14237.6,2250.93
52,16164.84,2025-05-14 23:25:03.275579,5347.64,8035.19
53,11420.87,2025-05-14 23:25:03.275583,4915.57,2531.17
54,16215.27,2025-05-14 23:25:03.275588,12623.96,5389.7
55,14500.6,2025-05-14 23:25:03.275592,3706.91,4074.61
56,16497.38,2025-05-14 23:25:03.275596,13909.21,4010.37
57,3735.89,2025-05-14 23:25:03.275599,3614.96,1059.06
58,1108.75,2025-05-14 23:25:03.275603,4697.34,7708.58
59,9370.22,2025-05-14 23:25:03.275607,8905.0,4481.61
60,2250.26,2025-05-14 23:25:03.275611,8354.91,7663.06
61,6537.54,2025-05-14 23:25:03.275615,9693.68,4966.5
62,18299.62,2025-05-14 23:25:03.275619,4645.41,1693.92
63,16246.42,2025-05-14 23:25:03.275622,12291.23,1288.45
64,15864.67,2025-05-14 23:25:03.275626,6956.98,6824.69
65,17259.56,2025-05-14 23:25:03.275630,9219.69,1886.13
66,17667.43,2025-05-14 23:25:03.275637,4979.67,4933.68
67,12131.6,2025-05-14 23:25:03.275641,15095.9,7578.6
68,10372.48,2025-05-14 23:25:03.275644,8588.73,5051.37
69,6986.26,2025-05-14 23:25:03.275648,4158.79,6419.85
70,14099.06,2025-05-14 23:25:03.275652,6582.89,4614.68
71,3693.12,2025-05-14 23:25:03.275656,10561.41,3654.77
72,1217.62,2025-05-14 23:25:03.275661,13567.82,6504.85
73,19950.91,2025-05-14 23:25:03.275665,12528.53,2115.96
74,5562.6,2025-05-14 23:25:03.275670,5531.55,7880.36
75,12908.14,2025-05-14 23:25:03.275675,13220.09,7341.49
76,11477.05,2025-05-14 23:25:03.275683,2642.21,1031.27
77,16703.68,2025-05-14 23:25:03.275687,3445.07,2180.41
78,14559.16,2025-05-14 23:25:03.275695,14478.1,7440.74
79,456.81,2025-05-14 23:25:03.275699,3238.23,5117.51
80,15584.41,2025-05-14 23:25:03.275703,11946.5,5195.04
81,6964.95,2025-05-14 23:25:03.275706,1360.45,2922.33
82,9559.37,2025-05-14 23:25:03.275710,10806.32,6379.38
83,3857.03,2025-05-14 23:25:03.275714,10181.2,2070.66
84,98.25,2025-05-14 23:25:03.275718,7233.77,4260.77
85,4208.34,2025-05-14 23:25:03.275722,9902.27,1243.43
86,19348.29,2025-05-14 23:25:03.275726,3177.76,887.33
87,3018.63,2025-05-14 23:25:03.275730,3276.81,2157.96
88,2361.58,2025-05-14 23:25:03.275733,11301.79,6103.22
89,9206.9,2025-05-14 23:25:03.275737,7998.29,5781.46
90,1070.07,2025-05-14 23:25:03.275741,10087.56,6468.17
91,1784.73,2025-05-14 23:25:03.275745,2690.64,3721.57
92,2590.05,2025-05-14 23:25:03.275750,3710.6,1467.65
93,14433.41,2025-05-14 23:25:03.275754,7697.37,6283.99
94,13234.35,2025-05-14 23:25:03.275760,14882.96,6579.62
95,18648.05,2025-05-14 23:25:03.275764,3969.27,5483.79
96,14593.62,2025-05-14 23:25:03.275768,1555.35,5075.07
97,8628.97,2025-05-14 23:25:03.275772,6059.7,4789.19
98,13206.74,2025-05-14 23:25:03.275776,7830.15,7514.98
99,16225.18,2025-05-14 23:25:03.275779,12649.73,1329.04
100,15287.2,2025-05-14 23:25:03.275783,5230.67,1303.67
101,5689.01,2025-05-14 23:25:03.275787,12847.55,5964.33
102,12506.97,2025-05-14 23:25:03.275791,3109.17,3197.24
103,174.84,2025-05-14 23:25:03.275795,10973.85,8355.87
104,3002.56,2025-05-14 23:25:03.275799,5300.69,1530.46
105,16799.83,2025-05-14 23:25:03.275803,9871.02,6105.01
106,7334.54,2025-05-14 23:25:03.275807,15515.15,6272.59
107,16792.92,2025-05-14 23:25:03.275811,1990.26,6436.9
108,13103.13,2025-05-14 23:25:03.275815,13080.43,2216.95
109,13339.01,2025-05-14 23:25:03.275818,9943.04,1525.63
110,13891.21,2025-05-14 23:25:03.275824,8448.37,636.71
111,1943.36,2025-05-14 23:25:03.275828,15533.28,1449.2
112,5509.24,2025-05-14 23:25:03.275832,7357.93,3372.13
113,6532.78,2025-05-14 23:25:03.275836,6500.36,2955.56
114,18480.4,2025-05-14 23:25:03.275839,4180.19,716.34
115,18830.25,2025-05-14 23:25:03.275843,14321.53,6728.17
116,512.91,2025-05-14 23:25:03.275847,15851.5,7941.48
117,8449.2,2025-05-14 23:25:03.275851,6427.34,1795.63
118,4616.14,2025-05-14 23:25:03.275855,8422.86,982.47
119,11981.34,2025-05-14 23:25:03.275859,1922.78,6250.73
120,19279.88,2025-05-14 23:25:03.275863,7468.33,7395.71
121,447.61,2025-05-14 23:25:03.275867,4423.02,1511.86
122,5627.98,2025-05-14 23:25:03.275871,10751.41,7708.96
123,6847.81,2025-05-14 23:25:03.275875,4915.93,7412.44
124,16555.35,2025-05-14 23:25:03.275879,11266.73,5636.33
125,4436.74,2025-05-14 23:25:03.275883,11654.98,2783.65
126,4993.95,2025-05-14 23:25:03.275887,2870.42,5429.1
127,18159.61,2025-05-14 23:25:03.275891,7083.1,4471.1
128,18284.13,2025-05-14 23:25:03.275895,10597.58,3448.53
129,17860.85,2025-05-14 23:25:03.275899,5623.89,1019.06
130,8856.25,2025-05-14 23:25:03.275904,11156.03,8484.32
131,7439.4,2025-05-14 23:25:03.275908,7377.55,1879.86
132,4921.95,2025-05-14 23:25:03.275912,8193.57,1351.4
133,16735.4,2025-05-14 23:25:03.275916,4766.49,3973.48
134,2211.2,2025-05-14 23:25:03.275920,9324.12,6653.25
135,15945.18,2025-05-14 23:25:03.275924,8712.75,809.84
136,532.91,2025-05-14 23:25:03.275927,14672.02,6840.24
137,11076.87,2025-05-14 23:25:03.275931,2505.66,3689.11
138,15268.88,2025-05-14 23:25:03.275936,2349.71,1794.99
139,10325.6,2025-05-14 23:25:03.275940,9165.59,4634.82
140,16246.72,2025-05-14 23:25:03.275945,11052.92,4082.09
141,2962.64,2025-05-14 23:25:03.275948,1457.23,6258.34
142,19484.02,2025-05-14 23:25:03.275952,11564.56,4207.64
143,3909.72,2025-05-14 23:25:03.275956,1636.76,4123.71
144,4930.06,2025-05-14 23:25:03.275960,7929.19,2333.51
145,1594.15,2025-05-14 23:25:03.275964,1716.98,7461.83
146,7222.42,2025-05-14 23:25:03.275967,8960.41,2704.38
147,6004.73,2025-05-14 23:25:03.275971,13015.4,1899.85
148,14081.29,2025-05-14 23:25:03.275975,1371.85,5021.05
149,3634.52,2025-05-14 23:25:03.275979,8975.38,4724.98
150,7106.67,2025-05-14 23:25:03.275993,7388.63,3935.88
151,5075.21,2025-05-14 23:25:03.275997,1445.26,1463.97
152,109.33,2025-05-14 23:25:03.276000,3984.47,5868.41
153,17443.36,2025-05-14 23:25:03.276004,4005.48,3720.64
154,16451.71,2025-05-14 23:25:03.276008,14791.84,4015.81
155,5084.42,2025-05-14 23:25:03.276012,7562.12,3648.99
156,16463.86,2025-05-14 23:25:03.276016,2184.0,5181.18
157,10492.32,2025-05-14 23:25:03.276020,13460.4,6095.82
158,9500.07,2025-05-14 23:25:03.276024,1481.27,8338.58
159,8059.69,2025-05-14 23:25:03.276027,7383.45,2984.81
160,6606.63,2025-05-14 23:25:03.276260,9839.71,6540.77
161,15902.07,2025-05-14 23:25:03.276271,1758.66,5208.11
162,13330.73,2025-05-14 23:25:03.276275,2864.85,2518.53
163,392.96,2025-05-14 23:25:03.276280,10826.55,5184.52
164,10877.56,2025-05-14 23:25:03.276284,15122.15,1043.56
165,14298.06,2025-05-14 23:25:03.276288,12359.31,7363.36
166,12621.49,2025-05-14 23:25:03.276292,5043.34,524.22
167,4985.81,2025-05-14 23:25:03.276295,15962.28,1026.23
168,15689.15,2025-05-14 23:25:03.276299,1634.45,5384.47
169,10036.72,2025-05-14 23:25:03.276303,13117.48,2881.03
170,16602.62,2025-05-14 23:25:03.276307,13325.67,7934.09
171,7900.0,2025-05-14 23:25:03.276311,10091.64,8417.58
172,12777.63,2025-05-14 23:25:03.276315,10720.4,2089.31
173,11806.34,2025-05-14 23:25:03.276318,11277.34,7009.32
174,7644.42,2025-05-14 23:25:03.276326,9348.13,2840.93
175,8217.74,2025-05-14 23:25:03.276330,6730.06,1296.61
176,4325.67,2025-05-14 23:25:03.276334,5299.83,892.83
177,9597.84,2025-05-14 23:25:03.276338,4992.61,2366.39
178,3483.91,2025-05-14 23:25:03.276342,5834.79,1964.12
179,14739.36,2025-05-14 23:25:03.276345,15505.61,5857.85
180,11902.43,2025-05-14 23:25:03.276349,9742.96,7795.76
181,19913.41,2025-05-14 23:25:03.276353,7691.02,617.28
182,14229.74,2025-05-14 23:25:03.276357,14666.06,1821.14
183,8615.74,2025-05-14 23:25:03.276361,15820.68,5782.58
184,526.14,2025-05-14 23:25:03.276364,8009.03,4624.57
185,16396.27,2025-05-14 23:25:03.276368,9108.26,1872.23
186,1780.46,2025-05-14 23:25:03.276372,1823.84,1766.87
187,13307.16,2025-05-14 23:25:03.276376,1411.44,6926.0
188,12555.4,2025-05-14 23:25:03.276380,2426.17,7947.11
189,18730.25,2025-05-14 23:25:03.276384,15155.71,6893.49
190,4704.21,2025-05-14 23:25:03.276387,11265.19,6507.41
191,11431.25,2025-05-14 23:25:03.276391,9932.11,7579.61
192,15600.79,2025-05-14 23:25:03.276395,7728.7,1672.85
193,2239.13,2025-05-14 23:25:03.276400,15640.17,8200.15
194,14619.13,2025-05-14 23:25:03.276404,9062.53,5507.69
195,19291.64,2025-05-14 23:25:03.276407,14917.05,4565.74
196,16306.38,2025-05-14 23:25:03.276411,13771.01,8264.07
197,18561.51,2025-05-14 23:25:03.276415,14412.45,2932.91
198,2764.81,2025-05-14 23:25:03.276419,12367.49,4110.33
199,17603.55,2025-05-14 23:25:03.276423,6340.76,4605.16
200,18542.05,2025-05-14 23:25:03.276427,9566.31,4022.83
201,10136.96,2025-05-14 23:25:03.276431,7565.02,592.27
202,3451.5,2025-05-14 23:25:03.276436,13178.05,2576.01
203,936.45,2025-05-14 23:25:03.276440,8114.61,4286.2
204,1873.94,2025-05-14 23:25:03.276443,13638.89,7236.95
205,7605.0,2025-05-14 23:25:03.276447,2276.92,5265.44
206,1830.07,2025-05-14 23:25:03.276451,10719.28,1172.26
207,3156.62,2025-05-14 23:25:03.276455,14364.85,5894.72
208,11808.6,2025-05-14 23:25:03.276459,12871.95,5299.21
209,8469.49,2025-05-14 23:25:03.276462,14557.17,1703.5
210,14524.11,2025-05-14 23:25:03.276466,6881.57,8046.16
211,13405.52,2025-05-14 23:25:03.276470,13718.99,5816.67
212,1000.51,2025-05-14 23:25:03.276474,1647.02,3337.13
213,14267.64,2025-05-14 23:25:03.276478,4879.77,6823.77
214,15802.33,2025-05-14 23:25:03.276482,7352.84,3336.88
215,880.42,2025-05-14 23:25:03.276486,14493.8,5638.61
216,3540.59,2025-05-14 23:25:03.276490,5261.76,7650.1
217,13818.61,2025-05-14 23:25:03.276494,9372.81,3166.46
218,7547.74,2025-05-14 23:25:03.276498,2605.13,7948.08
219,11620.67,2025-05-14 23:25:03.276501,13884.9,5769.05
220,12823.54,2025-05-14 23:25:03.276505,3725.88,5619.99
221,17695.35,2025-05-14 23:25:03.276509,14893.41,6116.09
222,5660.8,2025-05-14 23:25:03.276513,10147.37,3569.85
223,4973.1,2025-05-14 23:25:03.276517,4972.47,5394.43
224,512.42,2025-05-14 23:25:03.276521,7795.9,2999.15
225,1295.2,2025-05-14 23:25:03.276525,1174.23,4986.67
226,2044.19,2025-05-14 23:25:03.276529,3135.1,8349.81
227,7111.43,2025-05-14 23:25:03.276532,12400.74,7104.16
228,8132.62,2025-05-14 23:25:03.276536,9139.29,1500.46
229,10050.66,2025-05-14 23:25:03.276540,9608.06,6814.75
230,4440.05,2025-05-14 23:25:03.276544,9019.33,4761.63
231,10036.18,2025-05-14 23:25:03.276548,10211.2,7542.67
232,2749.19,2025-05-14 23:25:03.276552,4877.97,4336.19
233,19811.9,2025-05-14 23:25:03.276556,12293.43,4061.39
234,11515.0,2025-05-14 23:25:03.276561,7373.72,5485.91
235,1268.2,2025-05-14 23:25:03.276565,5498.5,2215.61
236,16593.93,2025-05-14 23:25:03.276569,9797.47,6553.51
237,14495.42,2025-05-14 23:25:03.276572,6366.21,6543.93
238,11993.8,2025-05-14 23:25:03.276576,13222.95,8488.63
239,17462.66,2025-05-14 23:25:03.276580,11721.02,1363.68
240,4266.88,2025-05-14 23:25:03.276584,11795.72,7655.54
241,6834.58,2025-05-14 23:25:03.276588,15715.19,850.33
242,5090.25,2025-05-14 23:25:03.276593,9344.41,1255.16
243,6649.01,2025-05-14 23:25:03.276597,13450.88,675.45
244,3311.47,2025-05-14 23:25:03.276601,14596.44,2727.33
245,6041.76,2025-05-14 23:25:03.276605,3169.67,1496.55
246,1947.23,2025-05-14 23:25:03.276609,5768.26,752.53
247,3864.97,2025-05-14 23:25:03.276612,5337.28,726.04
248,11344.39,2025-05-14 23:25:03.276618,7030.97,1005.44
249,15112.11,2025-05-14 23:25:03.276622,8263.59,7792.43
250,14950.44,2025-05-14 23:25:03.276626,12586.0,1514.22
251,5173.84,2025-05-14 23:25:03.276630,9073.6,6524.07
252,12609.74,2025-05-14 23:25:03.276633,9200.57,8151.41
253,14589.72,2025-05-14 23:25:03.276637,13994.48,4193.8
254,11023.06,2025-05-14 23:25:03.276641,2453.47,1136.96
255,5417.4,2025-05-14 23:25:03.276645,8754.57,8462.21
256,15745.54,2025-05-14 23:25:03.276649,13596.02,5480.38
257,18382.33,2025-05-14 23:25:03.276653,10398.85,8077.48
258,10918.3,2025-05-14 23:25:03.276657,10247.02,4807.23
259,16095.33,2025-05-14 23:25:03.276660,4734.64,8302.05
260,7916.55,2025-05-14 23:25:03.276664,10278.18,4022.77
261,18606.2,2025-05-14 23:25:03.276669,6717.44,2998.8
262,17850.46,2025-05-14 23:25:03.276673,2354.44,3222.28
263,5224.38,2025-05-14 23:25:03.276677,5703.34,5779.25
264,2212.92,2025-05-14 23:25:03.276681,10205.46,6279.05
265,13590.46,2025-05-14 23:25:03.276685,1878.82,5999.62
266,9555.13,2025-05-14 23:25:03.276689,6419.74,6075.93
267,7629.8,2025-05-14 23:25:03.276692,11421.5,3310.09
268,1407.67,2025-05-14 23:25:03.276696,2179.09,5962.13
269,1237.34,2025-05-14 23:25:03.276700,13487.86,4802.54
270,15425.85,2025-05-14 23:25:03.276706,13112.56,2157.13
271,6287.76,2025-05-14 23:25:03.276709,7161.84,6174.85
272,2515.26,2025-05-14 23:25:03.276713,8720.02,2579.24
273,7447.77,2025-05-14 23:25:03.276717,1837.17,4384.07
274,983.03,2025-05-14 23:25:03.276721,9911.76,5710.62
275,6022.66,2025-05-14 23:25:03.276725,3038.3,4742.82
276,11607.28,2025-05-14 23:25:03.276728,3683.91,2846.54
277,7526.71,2025-05-14 23:25:03.276732,6625.67,7421.47
278,15710.34,2025-05-14 23:25:03.276736,12108.4,4954.02
279,8698.16,2025-05-14 23:25:03.276740,8462.55,900.02
280,15783.56,2025-05-14 23:25:03.276744,4931.96,614.84
281,15810.06,2025-05-14 23:25:03.276748,5661.13,3888.73
282,7283.75,2025-05-14 23:25:03.276751,12343.99,3219.33
283,17849.27,2025-05-14 23:25:03.276755,9568.15,6760.13
284,6170.43,2025-05-14 23:25:03.276759,5783.98,2265.86
285,15625.19,2025-05-14 23:25:03.276763,13078.97,731.13
286,2617.12,2025-05-14 23:25:03.276767,13855.56,3456.24
287,15978.6,2025-05-14 23:25:03.276771,14138.28,6766.23
288,17085.76,2025-05-14 23:25:03.276775,3764.88,3849.87
289,14011.97,2025-05-14 23:25:03.276778,1812.89,3671.92
290,6680.04,2025-05-14 23:25:03.276782,10123.6,2331.22
291,1073.98,2025-05-14 23:25:03.276786,11421.89,5902.14
292,3205.28,2025-05-14 23:25:03.276790,3801.07,1899.26
293,5882.25,2025-05-14 23:25:03.276794,15449.18,6885.54
294,8563.64,2025-05-14 23:25:03.276798,14220.31,6051.6
295,9478.97,2025-05-14 23:25:03.276802,7018.54,6610.47
296,12265.46,2025-05-14 23:25:03.276805,6852.15,1329.25
297,3537.55,2025-05-14 23:25:03.276809,11637.11,1299.32
298,7450.19,2025-05-14 23:25:03.276813,15586.18,4526.88
299,19130.91,2025-05-14 23:25:03.276817,9001.13,4636.56
300,7764.9,2025-05-14 23:25:03.276821,1899.53,6583.94
301,19588.58,2025-05-14 23:25:03.276824,1225.21,4296.68
302,10325.41,2025-05-14 23:25:03.276828,6941.21,6187.74
303,19832.74,2025-05-14 23:25:03.276832,2917.78,7496.95
304,3457.78,2025-05-14 23:25:03.276836,9932.87,8034.15
305,8881.77,2025-05-14 23:25:03.276840,12783.9,608.96
306,16038.28,2025-05-14 23:25:03.276844,7691.73,8453.73
307,8170.97,2025-05-14 23:25:03.276847,4946.83,1812.88
308,16239.78,2025-05-14 23:25:03.276851,2142.1,6343.57
309,18390.44,2025-05-14 23:25:03.276855,1802.07,4730.1
310,4576.15,2025-05-14 23:25:03.276955,12395.83,4329.77
311,4559.52,2025-05-14 23:25:03.276963,6185.79,5209.94
312,7717.39,2025-05-14 23:25:03.276968,12288.38,884.75
313,11082.15,2025-05-14 23:25:03.276973,15605.54,5584.46
314,7369.92,2025-05-14 23:25:03.276977,4970.91,4612.45
315,6195.26,2025-05-14 23:25:03.276981,2851.09,4959.94
316,15023.57,2025-05-14 23:25:03.276985,8551.94,7529.2
317,7240.58,2025-05-14 23:25:03.276989,12286.32,8100.19
318,942.98,2025-05-14 23:25:03.276993,11137.31,3933.9
319,6110.06,2025-05-14 23:25:03.276997,6511.41,5717.66
320,6770.78,2025-05-14 23:25:03.277001,3184.63,2074.47
321,17601.09,2025-05-14 23:25:03.277005,2671.05,8055.71
322,3083.28,2025-05-14 23:25:03.277009,11693.88,4079.6
323,15395.02,2025-05-14 23:25:03.277012,10221.65,6391.83
324,19543.01,2025-05-14 23:25:03.277016,11232.58,5466.32
325,16311.98,2025-05-14 23:25:03.277020,2273.0,4007.11
326,15471.07,2025-05-14 23:25:03.277024,12462.36,2443.17
327,5869.4,2025-05-14 23:25:03.277028,10622.73,6438.09
328,9785.7,2025-05-14 23:25:03.277032,1460.58,7440.88
329,11101.78,2025-05-14 23:25:03.277036,6692.6,1857.73
330,1455.52,2025-05-14 23:25:03.277040,8120.99,6213.73
331,13101.1,2025-05-14 23:25:03.277044,1911.67,7274.36
332,12134.81,2025-05-14 23:25:03.277048,6805.37,2475.5
333,834.05,2025-05-14 23:25:03.277052,5934.27,5582.73
334,664.0,2025-05-14 23:25:03.277056,10133.21,6842.61
335,4590.89,2025-05-14 23:25:03.277086,11787.8,4524.33
336,2896.53,2025-05-14 23:25:03.277092,10361.93,2335.5
337,16955.41,2025-05-14 23:25:03.277096,14216.45,594.52
338,17156.77,2025-05-14 23:25:03.277099,13948.34,6802.71
339,14806.13,2025-05-14 23:25:03.277103,8720.53,6221.24
340,7926.78,2025-05-14 23:25:03.277107,8112.56,2792.85
341,18100.06,2025-05-14 23:25:03.277111,13638.4,3262.72
342,3445.0,2025-05-14 23:25:03.277116,4811.54,7834.32
343,19110.23,2025-05-14 23:25:03.277122,4924.79,3919.98
344,16517.04,2025-05-14 23:25:03.277128,4153.99,4780.64
345,7232.64,2025-05-14 23:25:03.277134,1989.36,5322.14
346,4348.85,2025-05-14 23:25:03.277141,11568.65,4919.77
347,311.39,2025-05-14 23:25:03.277147,11293.61,6545.21
348,16009.06,2025-05-14 23:25:03.277153,11042.77,2427.39
349,11915.13,2025-05-14 23:25:03.277159,3206.25,4151.95
350,10046.78,2025-05-14 23:25:03.277164,10916.06,7493.07
351,14706.82,2025-05-14 23:25:03.277170,13058.58,5043.19
352,8511.7,2025-05-14 23:25:03.277176,9794.89,4615.94
353,3100.07,2025-05-14 23:25:03.277181,14300.87,6024.8
354,1218.42,2025-05-14 23:25:03.277191,15898.12,3016.02
355,11575.5,2025-05-14 23:25:03.277197,2992.67,4334.73
356,5484.82,2025-05-14 23:25:03.277203,7741.21,1600.24
357,7536.84,2025-05-14 23:25:03.277209,1546.44,1216.33
358,14577.99,2025-05-14 23:25:03.277214,9973.26,6481.59
359,7626.77,2025-05-14 23:25:03.277220,4789.5,2642.4
360,18091.17,2025-05-14 23:25:03.277226,13474.62,5689.58
361,11847.86,2025-05-14 23:25:03.277232,3441.01,2383.73
362,11360.26,2025-05-14 23:25:03.277237,2548.05,8306.29
363,19706.61,2025-05-14 23:25:03.277242,10892.96,4499.75
364,7837.94,2025-05-14 23:25:03.277247,13253.67,8049.61
365,11331.62,2025-05-14 23:25:03.277252,15751.08,4636.65
366,10293.68,2025-05-14 23:25:03.277257,1740.64,5124.59
367,18482.46,2025-05-14 23:25:03.277261,3516.75,1469.01
368,16324.29,2025-05-14 23:25:03.277266,1223.54,2340.16
369,17779.27,2025-05-14 23:25:03.277271,1244.16,6033.32
370,7718.8,2025-05-14 23:25:03.277276,7509.56,1416.91
371,18200.82,2025-05-14 23:25:03.277281,8618.85,5551.03
372,13429.46,2025-05-14 23:25:03.277286,9371.63,6916.31
373,9616.93,2025-05-14 23:25:03.277290,6793.51,589.63
374,1672.23,2025-05-14 23:25:03.277301,5432.08,3481.37
375,15937.19,2025-05-14 23:25:03.277306,5331.46,7838.15
376,4704.64,2025-05-14 23:25:03.277311,9295.49,7928.45
377,12997.51,2025-05-14 23:25:03.277316,10617.3,1180.42
378,10206.7,2025-05-14 23:25:03.277320,1710.47,4360.7
379,8422.8,2025-05-14 23:25:03.277325,12266.13,7349.72
380,12830.29,2025-05-14 23:25:03.277330,3924.81,2974.64
381,17327.09,2025-05-14 23:25:03.277335,9830.52,7156.46
382,15802.11,2025-05-14 23:25:03.277340,1523.04,2088.45
383,15461.89,2025-05-14 23:25:03.277344,1253.53,7182.41
384,8085.55,2025-05-14 23:25:03.277349,3735.69,3460.47
385,16311.61,2025-05-14 23:25:03.277354,15151.88,8119.98
386,11766.53,2025-05-14 23:25:03.277359,7563.02,1096.26
387,390.9,2025-05-14 23:25:03.277363,11335.47,3987.29
388,19448.88,2025-05-14 23:25:03.277368,11026.63,3876.65
389,1840.55,2025-05-14 23:25:03.277373,1195.63,5678.44
390,18322.8,2025-05-14 23:25:03.277378,5486.36,1192.33
391,1805.93,2025-05-14 23:25:03.277383,13610.85,8444.94
392,4495.91,2025-05-14 23:25:03.277387,5232.89,6962.1
393,10833.08,2025-05-14 23:25:03.277392,2508.57,5412.95
394,18447.9,2025-05-14 23:25:03.277397,9872.22,6679.41
395,9388.68,2025-05-14 23:25:03.277402,8841.89,620.36
396,15460.11,2025-05-14 23:25:03.277407,12403.13,3939.17
397,10964.7,2025-05-14 23:25:03.277411,5413.02,1626.61
398,10685.92,2025-05-14 23:25:03.277416,9512.02,5474.64
399,3186.11,2025-05-14 23:25:03.277421,10104.0,6779.29
400,10559.09,2025-05-14 23:25:03.277426,9099.03,4964.24
401,10400.78,2025-05-14 23:25:03.277430,10529.19,1446.51
402,10582.77,2025-05-14 23:25:03.277437,11231.92,5626.71
403,15631.79,2025-05-14 23:25:03.277442,2089.72,745.08
404,16057.02,2025-05-14 23:25:03.277447,7431.31,3404.17
405,16877.86,2025-05-14 23:25:03.277452,9540.25,7674.34
406,467.47,2025-05-14 23:25:03.277456,9920.52,1512.03
407,18865.36,2025-05-14 23:25:03.277461,2990.52,7549.44
408,15280.01,2025-05-14 23:25:03.277466,6377.6,7294.16
409,12621.19,2025-05-14 23:25:03.277471,9659.68,7148.3
410,3735.44,2025-05-14 23:25:03.277476,1220.39,8322.22
411,11065.92,2025-05-14 23:25:03.277480,1087.67,8048.86
412,17946.45,2025-05-14 23:25:03.277485,6528.16,1613.6
413,1456.79,2025-05-14 23:25:03.277490,7914.78,3184.92
414,6287.09,2025-05-14 23:25:03.277495,15360.05,4184.57
415,9138.36,2025-05-14 23:25:03.277499,11591.0,5867.71
416,2759.39,2025-05-14 23:25:03.277505,5451.97,5316.99
417,15681.17,2025-05-14 23:25:03.277509,2448.58,5883.79
418,16695.71,2025-05-14 23:25:03.277514,9271.39,2742.65
419,12171.03,2025-05-14 23:25:03.277519,9883.31,8019.72
420,8714.85,2025-05-14 23:25:03.277524,3655.39,1627.31
421,18860.5,2025-05-14 23:25:03.277529,6014.01,5201.08
422,8985.58,2025-05-14 23:25:03.277534,13167.44,7553.13
423,18268.26,2025-05-14 23:25:03.277539,4965.01,6351.29
424,5328.02,2025-05-14 23:25:03.277543,2978.36,7086.46
425,6932.23,2025-05-14 23:25:03.277548,5404.73,4388.85
426,16700.17,2025-05-14 23:25:03.277553,5784.41,6736.02
427,2528.38,2025-05-14 23:25:03.277557,13673.83,1632.29
428,16891.28,2025-05-14 23:25:03.277562,6507.53,7144.04
429,14206.13,2025-05-14 23:25:03.277567,1270.93,6374.54
430,1267.39,2025-05-14 23:25:03.277572,6989.48,7902.73
431,17969.53,2025-05-14 23:25:03.277576,7150.13,8105.11
432,9187.16,2025-05-14 23:25:03.277581,4169.08,1588.1
433,16952.37,2025-05-14 23:25:03.277586,8050.04,1921.0
434,3259.1,2025-05-14 23:25:03.277591,9399.85,3124.79
435,14422.39,2025-05-14 23:25:03.277596,12813.21,540.45
436,1779.19,2025-05-14 23:25:03.277600,8802.56,8062.56
437,16336.54,2025-05-14 23:25:03.277605,3741.52,6010.78
438,14341.54,2025-05-14 23:25:03.277610,4605.56,1590.0
439,8393.71,2025-05-14 23:25:03.277615,6842.29,7971.68
440,18483.92,2025-05-14 23:25:03.277619,12922.62,3485.13
441,9629.41,2025-05-14 23:25:03.277624,1883.76,3311.46
442,11249.17,2025-05-14 23:25:03.277629,11470.22,8090.33
443,1829.34,2025-05-14 23:25:03.277634,9615.41,8297.8
444,12208.37,2025-05-14 23:25:03.277639,13657.61,7587.27
445,2184.15,2025-05-14 23:25:03.277643,13244.22,1189.39
446,3718.6,2025-05-14 23:25:03.277648,2213.06,7540.9
447,14877.36,2025-05-14 23:25:03.277653,4411.19,7035.52
448,15878.9,2025-05-14 23:25:03.277658,1798.6,5056.1
449,3992.19,2025-05-14 23:25:03.277663,1492.42,1067.04
450,8603.76,2025-05-14 23:25:03.277668,5708.65,617.65
451,19139.62,2025-05-14 23:25:03.277673,4846.39,6105.29
452,19759.49,2025-05-14 23:25:03.277678,2299.36,4533.44
453,15704.15,2025-05-14 23:25:03.277683,9426.62,3117.83
454,5860.71,2025-05-14 23:25:03.277687,13160.92,1626.79
455,11349.74,2025-05-14 23:25:03.277692,8024.88,5244.78
456,11461.69,2025-05-14 23:25:03.277697,13978.07,3797.0
457,2630.1,2025-05-14 23:25:03.277702,4856.36,8152.4
458,15319.82,2025-05-14 23:25:03.277708,7201.29,6361.62
459,19186.72,2025-05-14 23:25:03.277713,12895.47,4617.36
460,2825.01,2025-05-14 23:25:03.277718,8112.02,6938.19
461,16218.74,2025-05-14 23:25:03.277723,2239.64,7713.57
462,14507.06,2025-05-14 23:25:03.277728,2060.85,2562.54
463,908.08,2025-05-14 23:25:03.277732,6276.93,4991.84
464,12215.48,2025-05-14 23:25:03.277737,4326.69,1965.41
465,9365.44,2025-05-14 23:25:03.277742,5451.55,8266.56
466,15673.43,2025-05-14 23:25:03.277747,11925.58,4002.8
467,10480.36,2025-05-14 23:25:03.277751,14219.63,2435.65
468,17427.14,2025-05-14 23:25:03.277756,3270.76,4739.52
469,8112.63,2025-05-14 23:25:03.277761,5095.13,4865.36
470,778.36,2025-05-14 23:25:03.277766,7439.0,2050.05
471,10959.07,2025-05-14 23:25:03.277771,15845.9,8471.65
472,17819.92,2025-05-14 23:25:03.277775,14964.23,4527.04
473,10943.25,2025-05-14 23:25:03.277780,15515.1,3043.36
474,4557.03,2025-05-14 23:25:03.277785,14817.06,6882.35
475,12612.44,2025-05-14 23:25:03.277790,13747.14,3747.14
476,2757.99,2025-05-14 23:25:03.277794,1711.49,3171.94
477,8910.32,2025-05-14 23:25:03.277799,7665.0,2713.6
478,1002.42,2025-05-14 23:25:03.277804,6401.59,5459.0
479,7048.78,2025-05-14 23:25:03.277809,6463.33,3676.53
480,4119.8,2025-05-14 23:25:03.277813,3741.58,7097.22
481,11881.33,2025-05-14 23:25:03.277818,9112.63,3166.45
482,15313.2,2025-05-14 23:25:03.277823,2607.1,4447.08
483,13996.74,2025-05-14 23:25:03.277828,11959.3,5828.66
484,12001.77,2025-05-14 23:25:03.277833,14342.25,1297.84
485,1666.69,2025-05-14 23:25:03.277837,2501.76,6731.27
486,18828.08,2025-05-14 23:25:03.277842,2421.32,8390.24
487,381.93,2025-05-14 23:25:03.277847,5928.01,2859.46
488,18848.59,2025-05-14 23:25:03.277852,11229.66,931.87
489,14053.94,2025-05-14 23:25:03.277857,3522.85,690.34
490,14341.74,2025-05-14 23:25:03.277862,6564.24,2370.46
491,16351.45,2025-05-14 23:25:03.277867,14982.51,6089.06
492,1663.16,2025-05-14 23:25:03.277871,3656.9,505.2
493,1653.86,2025-05-14 23:25:03.277876,3028.5,4001.9
494,6274.94,2025-05-14 23:25:03.277881,12908.29,5027.12
495,17438.46,2025-05-14 23:25:03.277886,1892.82,1763.27
496,8353.62,2025-05-14 23:25:03.277891,13186.84,7851.78
497,1578.8,2025-05-14 23:25:03.277895,2664.91,2216.79
498,14389.49,2025-05-14 23:25:03.277900,3746.39,7528.06
499,19332.25,2025-05-14 23:25:03.277905,10820.15,5991.15
500,5192.59,2025-05-14 23:25:03.277910,10505.75,5441.08
501,639.81,2025-05-14 23:25:03.277915,5237.79,8146.89
502,9846.25,2025-05-14 23:25:03.277920,12474.77,6133.48
503,16890.5,2025-05-14 23:25:03.277927,7955.43,4905.96
504,18615.01,2025-05-14 23:25:03.277932,11624.45,5219.1
505,7323.15,2025-05-14 23:25:03.277936,1420.75,2344.8
506,15019.92,2025-05-14 23:25:03.277941,1986.44,577.78
507,7853.41,2025-05-14 23:25:03.277946,15360.89,5476.33
508,19396.69,2025-05-14 23:25:03.277951,12592.92,597.64
509,13800.59,2025-05-14 23:25:03.277956,9684.67,524.03
510,6964.2,2025-05-14 23:25:03.277960,15065.32,7526.3
511,8568.16,2025-05-14 23:25:03.277965,8597.23,6089.84
512,15206.34,2025-05-14 23:25:03.277970,1966.14,4842.09
513,12537.22,2025-05-14 23:25:03.277975,14647.86,8143.29
514,19809.71,2025-05-14 23:25:03.277980,6052.16,5422.99
515,17838.14,2025-05-14 23:25:03.277984,15397.67,3373.39
516,15199.3,2025-05-14 23:25:03.277990,4654.46,3490.4
517,11341.64,2025-05-14 23:25:03.277995,3197.62,3390.77
518,1413.23,2025-05-14 23:25:03.277999,1889.87,8210.03
519,11387.89,2025-05-14 23:25:03.278004,9664.14,5653.0
520,7955.67,2025-05-14 23:25:03.278009,7427.1,7812.06
521,16484.96,2025-05-14 23:25:03.278014,1881.85,4873.88
522,14342.58,2025-05-14 23:25:03.278021,8162.51,852.71
523,13909.04,2025-05-14 23:25:03.278026,4624.54,4331.86
524,5341.12,2025-05-14 23:25:03.278030,11203.27,6233.25
525,19128.33,2025-05-14 23:25:03.278035,10933.19,5062.21
526,5779.52,2025-05-14 23:25:03.278040,9715.8,8205.44
527,7499.37,2025-05-14 23:25:03.278045,4375.42,522.23
528,9815.53,2025-05-14 23:25:03.278049,6654.65,7284.53
529,3143.51,2025-05-14 23:25:03.278054,5921.38,2243.73
530,12657.66,2025-05-14 23:25:03.278059,13426.63,1083.03
531,4250.33,2025-05-14 23:25:03.278064,6692.24,2540.83
532,17976.88,2025-05-14 23:25:03.278068,3754.67,1346.14
533,10744.78,2025-05-14 23:25:03.278073,3756.55,989.19
534,3735.4,2025-05-14 23:25:03.278078,15205.37,6119.65
535,2989.03,2025-05-14 23:25:03.278083,12839.15,2961.72
536,17120.23,2025-05-14 23:25:03.278088,2046.16,6397.83
537,638.97,2025-05-14 23:25:03.278092,1597.51,7660.24
538,8435.1,2025-05-14 23:25:03.278097,11151.5,3349.36
539,112.37,2025-05-14 23:25:03.278102,12464.58,4828.11
540,18270.49,2025-05-14 23:25:03.278107,8656.55,2443.81
541,3029.34,2025-05-14 23:25:03.278111,14542.79,1207.09
542,7851.64,2025-05-14 23:25:03.278116,4299.16,1588.65
543,18550.37,2025-05-14 23:25:03.278121,5223.85,5926.71
544,19153.76,2025-05-14 23:25:03.278126,14852.94,4152.31
545,15084.74,2025-05-14 23:25:03.278130,15940.34,4951.87
546,19640.43,2025-05-14 23:25:03.278135,7767.21,7357.68
547,17214.08,2025-05-14 23:25:03.278141,2315.9,5247.35
548,11871.93,2025-05-14 23:25:03.278146,7352.47,1839.9
549,928.52,2025-05-14 23:25:03.278150,15298.77,2422.16
550,13420.73,2025-05-14 23:25:03.278155,14234.58,6878.72
551,17694.89,2025-05-14 23:25:03.278160,3121.98,3460.35
552,10413.22,2025-05-14 23:25:03.278165,2166.07,4195.55
553,9267.35,2025-05-14 23:25:03.278170,1369.96,5266.7
554,21.95,2025-05-14 23:25:03.278175,7673.76,1226.67
555,6885.04,2025-05-14 23:25:03.278180,3431.54,6209.55
556,11014.62,2025-05-14 23:25:03.278185,3713.99,3951.59
557,19148.7,2025-05-14 23:25:03.278190,2484.62,6862.09
558,14511.14,2025-05-14 23:25:03.278194,3563.75,3320.57
559,18207.72,2025-05-14 23:25:03.278199,12785.15,4678.03
560,18197.22,2025-05-14 23:25:03.278204,11841.84,5991.16
561,11310.87,2025-05-14 23:25:03.278209,7506.02,6682.42
562,10062.66,2025-05-14 23:25:03.278214,4171.54,3471.43
563,11004.76,2025-05-14 23:25:03.278218,2223.3,5208.33
564,6258.95,2025-05-14 23:25:03.278223,12244.37,6022.14
565,9408.9,2025-05-14 23:25:03.278228,11559.67,1253.57
566,11120.26,2025-05-14 23:25:03.278233,1666.86,902.75
567,19848.31,2025-05-14 23:25:03.278238,6095.04,2390.67
568,10699.56,2025-05-14 23:25:03.278242,13124.44,5330.99
569,4318.94,2025-05-14 23:25:03.278247,9212.33,3503.5
570,18852.1,2025-05-14 23:25:03.278252,8627.8,5155.08
571,17984.29,2025-05-14 23:25:03.278257,13055.59,2708.89
572,19228.9,2025-05-14 23:25:03.278262,5664.88,927.36
573,1919.49,2025-05-14 23:25:03.278266,8708.7,1844.97
574,15079.86,2025-05-14 23:25:03.278271,3437.7,931.79
575,11024.0,2025-05-14 23:25:03.278276,10225.63,4793.24
576,12505.44,2025-05-14 23:25:03.278281,13580.24,2329.11
577,13249.71,2025-05-14 23:25:03.278286,3332.31,2515.7
578,5548.49,2025-05-14 23:25:03.278290,8309.12,2730.09
579,4228.45,2025-05-14 23:25:03.278295,2975.19,6494.45
580,10498.01,2025-05-14 23:25:03.278300,2645.59,3871.68
581,19069.73,2025-05-14 23:25:03.278305,6398.52,5319.55
582,3925.66,2025-05-14 23:25:03.278309,1153.12,1512.26
583,12546.06,2025-05-14 23:25:03.278314,1195.69,788.93
584,4157.15,2025-05-14 23:25:03.278319,1760.62,7996.84
585,13917.57,2025-05-14 23:25:03.278324,4285.26,1549.6
586,14338.79,2025-05-14 23:25:03.278328,8470.41,7303.89
587,2543.84,2025-05-14 23:25:03.278333,14137.16,2449.59
588,14357.05,2025-05-14 23:25:03.278338,1621.43,6714.77
589,2612.86,2025-05-14 23:25:03.278343,2403.06,3183.72
590,940.7,2025-05-14 23:25:03.278347,4801.98,2076.33
591,13643.64,2025-05-14 23:25:03.278352,13373.18,3255.47
592,15860.94,2025-05-14 23:25:03.278357,4462.14,7125.41
593,9138.36,2025-05-14 23:25:03.278362,6337.88,7724.75
594,1919.08,2025-05-14 23:25:03.278369,9059.04,1556.15
595,1420.75,2025-05-14 23:25:03.278373,1343.77,1795.19
596,11964.3,2025-05-14 23:25:03.278378,7235.66,7567.68
597,13715.75,2025-05-14 23:25:03.278383,12134.45,4257.41
598,7562.4,2025-05-14 23:25:03.278388,10121.78,7384.8
599,3182.43,2025-05-14 23:25:03.278393,12236.11,4747.09
600,2386.63,2025-05-14 23:25:03.278398,12777.37,2609.37
601,16842.94,2025-05-14 23:25:03.278402,12128.11,7069.42
602,1337.62,2025-05-14 23:25:03.278407,6806.49,1797.62
603,11349.78,2025-05-14 23:25:03.278412,13021.88,2124.19
604,2370.31,2025-05-14 23:25:03.278417,8302.72,4508.7
605,7337.85,2025-05-14 23:25:03.278422,9357.7,3448.6
606,16824.77,2025-05-14 23:25:03.278426,13621.52,7759.29
607,9210.09,2025-05-14 23:25:03.278431,12297.14,7627.4
608,7663.29,2025-05-14 23:25:03.278436,11506.39,7938.89
609,1682.25,2025-05-14 23:25:03.278441,8682.17,3649.73
610,7233.41,2025-05-14 23:25:03.278446,5547.95,2795.52
611,15261.34,2025-05-14 23:25:03.278451,4821.04,5748.22
612,8819.51,2025-05-14 23:25:03.278456,7472.28,8337.57
613,13697.16,2025-05-14 23:25:03.278461,10069.89,2008.52
614,4494.39,2025-05-14 23:25:03.278465,7252.48,568.29
615,12944.46,2025-05-14 23:25:03.278470,6653.93,4128.92
616,2589.52,2025-05-14 23:25:03.278475,3534.15,1577.52
617,17641.28,2025-05-14 23:25:03.278480,2762.07,2864.14
618,2937.16,2025-05-14 23:25:03.278485,4246.63,3787.49
619,2748.91,2025-05-14 23:25:03.278489,13431.23,3248.18
620,13090.92,2025-05-14 23:25:03.278494,11431.4,2632.44
621,3026.11,2025-05-14 23:25:03.278499,11187.67,7301.2
622,12724.64,2025-05-14 23:25:03.278504,15324.4,4770.41
623,9859.85,2025-05-14 23:25:03.278509,15794.93,8102.97
624,12353.99,2025-05-14 23:25:03.278513,12098.58,7942.44
625,2950.38,2025-05-14 23:25:03.278518,4601.53,2989.08
626,16413.21,2025-05-14 23:25:03.278523,2269.53,5306.28
627,13653.97,2025-05-14 23:25:03.278528,4955.05,2108.11
628,6776.71,2025-05-14 23:25:03.278532,4591.33,1571.82
629,19313.88,2025-05-14 23:25:03.278537,15839.86,8077.88
630,19482.17,2025-05-14 23:25:03.278542,3799.88,3425.07
631,1152.06,2025-05-14 23:25:03.278547,8974.43,2299.3
632,5214.84,2025-05-14 23:25:03.278551,4034.6,7021.89
633,16178.34,2025-05-14 23:25:03.278556,4613.28,1129.48
634,16689.08,2025-05-14 23:25:03.278561,13725.09,4732.02
635,8113.36,2025-05-14 23:25:03.278566,6607.93,6250.14
636,7395.9,2025-05-14 23:25:03.278570,8003.57,6322.11
637,18322.75,2025-05-14 23:25:03.278575,9455.73,2648.5
638,6616.5,2025-05-14 23:25:03.278580,7802.97,5194.61
639,17898.29,2025-05-14 23:25:03.278585,12962.31,2646.01
640,15441.77,2025-05-14 23:25:03.278590,14522.32,5585.82
641,18939.79,2025-05-14 23:25:03.278594,6407.39,2419.43
642,7414.38,2025-05-14 23:25:03.278599,8082.82,7357.97
643,7860.55,2025-05-14 23:25:03.278604,14967.9,5257.18
644,10055.8,2025-05-14 23:25:03.278609,15434.13,1008.66
645,4172.43,2025-05-14 23:25:03.278613,5205.36,1132.63
646,6865.15,2025-05-14 23:25:03.278618,6549.09,4783.89
647,18165.17,2025-05-14 23:25:03.278623,9590.3,7902.34
648,18736.93,2025-05-14 23:25:03.278628,14755.98,2950.8
649,1750.77,2025-05-14 23:25:03.278633,6125.36,6583.34
650,11918.89,2025-05-14 23:25:03.278637,5846.45,8019.61
651,11514.33,2025-05-14 23:25:03.278642,6956.12,7253.92
652,3634.48,2025-05-14 23:25:03.278647,13801.73,2416.23
653,9064.01,2025-05-14 23:25:03.278652,15712.56,1593.67
654,7358.85,2025-05-14 23:25:03.278657,11761.07,8398.39
655,5313.9,2025-05-14 23:25:03.278661,6772.09,7965.0
656,5718.3,2025-05-14 23:25:03.278666,15965.44,8129.26
657,13013.3,2025-05-14 23:25:03.278671,9752.82,2482.5
658,17945.21,2025-05-14 23:25:03.278677,15114.38,7032.62
659,6019.95,2025-05-14 23:25:03.278682,5751.02,2971.57
660,14367.89,2025-05-14 23:25:03.278686,1837.55,5032.57
661,4400.21,2025-05-14 23:25:03.278691,12554.8,2308.04
662,19221.01,2025-05-14 23:25:03.278696,11210.04,644.58
663,10683.16,2025-05-14 23:25:03.278701,11293.88,1475.86
664,18802.93,2025-05-14 23:25:03.278705,13329.27,7858.02
665,2841.77,2025-05-14 23:25:03.278710,2803.71,3446.88
666,10979.66,2025-05-14 23:25:03.278715,2385.67,7960.26
667,5617.03,2025-05-14 23:25:03.278720,3346.28,3401.98
668,19389.22,2025-05-14 23:25:03.278724,5190.4,7670.09
669,8658.91,2025-05-14 23:25:03.278729,14587.65,6880.08
670,5195.23,2025-05-14 23:25:03.278734,13662.12,5703.89
671,13574.25,2025-05-14 23:25:03.278785,1729.14,4477.76
672,12856.32,2025-05-14 23:25:03.278794,3454.01,5684.84
673,16317.36,2025-05-14 23:25:03.278799,1379.73,4732.29
674,15932.65,2025-05-14 23:25:03.278808,14129.68,7062.85
675,4451.29,2025-05-14 23:25:03.278813,7670.64,4123.73
676,11546.09,2025-05-14 23:25:03.278818,7004.58,3091.31
677,3766.01,2025-05-14 23:25:03.278823,8020.46,1391.8
678,18220.53,2025-05-14 23:25:03.278828,10685.58,873.13
679,15263.84,2025-05-14 23:25:03.278832,11503.99,7022.33
680,16273.43,2025-05-14 23:25:03.278837,14986.44,1003.05
681,18551.43,2025-05-14 23:25:03.278842,6512.31,5692.62
682,13165.71,2025-05-14 23:25:03.278847,1684.45,702.54
683,3039.66,2025-05-14 23:25:03.278852,13845.02,1925.45
684,2560.47,2025-05-14 23:25:03.278857,5637.83,3058.31
685,13251.36,2025-05-14 23:25:03.278861,15180.45,1459.32
686,529.4,2025-05-14 23:25:03.278944,5516.86,8241.28
687,13845.99,2025-05-14 23:25:03.278951,2851.27,7847.78
688,15261.28,2025-05-14 23:25:03.278956,8936.3,5520.37
689,1736.89,2025-05-14 23:25:03.278960,15901.82,7767.46
690,3969.19,2025-05-14 23:25:03.278965,3971.73,5479.47
691,7021.29,2025-05-14 23:25:03.278970,3312.62,6704.52
692,3520.21,2025-05-14 23:25:03.278975,11812.69,5307.46
693,3729.74,2025-05-14 23:25:03.278979,11893.82,7347.56
694,15681.86,2025-05-14 23:25:03.278984,6159.54,6253.09
695,19327.2,2025-05-14 23:25:03.278989,6283.73,7646.01
696,13185.48,2025-05-14 23:25:03.278994,4198.13,2377.05
697,3379.52,2025-05-14 23:25:03.278998,10599.05,6666.86
698,8853.88,2025-05-14 23:25:03.279003,11489.66,2020.83
699,10444.25,2025-05-14 23:25:03.279008,10118.86,511.39
700,7271.81,2025-05-14 23:25:03.279013,8105.22,6047.94
701,17888.04,2025-05-14 23:25:03.279018,13473.95,6754.87
702,4510.04,2025-05-14 23:25:03.279022,4399.56,3914.57
703,10145.52,2025-05-14 23:25:03.279027,15579.89,4256.34
704,1832.76,2025-05-14 23:25:03.279032,1734.32,8308.99
705,911.23,2025-05-14 23:25:03.279037,3811.56,5357.07
706,15758.24,2025-05-14 23:25:03.279041,2811.9,4545.33
707,3167.9,2025-05-14 23:25:03.279046,13803.1,3549.06
708,1973.41,2025-05-14 23:25:03.279051,8370.88,1747.77
709,1995.53,2025-05-14 23:25:03.279056,10672.09,8117.2
710,19609.68,2025-05-14 23:25:03.279061,4333.92,8201.97
711,13555.42,2025-05-14 23:25:03.279065,10481.8,1963.08
712,1792.81,2025-05-14 23:25:03.279070,13885.45,5829.77
713,16836.29,2025-05-14 23:25:03.279075,7521.13,6159.61
714,5242.77,2025-05-14 23:25:03.279079,13892.94,6734.81
715,9569.53,2025-05-14 23:25:03.279084,5864.68,6530.01
716,2620.48,2025-05-14 23:25:03.279089,4147.3,8258.92
717,4333.82,2025-05-14 23:25:03.279094,11362.78,1722.13
718,19045.68,2025-05-14 23:25:03.279098,14794.64,4566.87
719,12694.81,2025-05-14 23:25:03.279103,12315.72,2836.3
720,19942.77,2025-05-14 23:25:03.279108,6191.59,8423.12
721,17161.29,2025-05-14 23:25:03.279113,9491.1,6238.84
722,13300.08,2025-05-14 23:25:03.279118,11279.92,7381.86
723,3572.76,2025-05-14 23:25:03.279122,15375.31,3740.22
724,7540.54,2025-05-14 23:25:03.279127,13315.79,5443.46
725,19861.16,2025-05-14 23:25:03.279132,4165.95,5748.72
726,18004.36,2025-05-14 23:25:03.279137,4633.65,7676.71
727,15807.12,2025-05-14 23:25:03.279141,8181.83,6889.9
728,1333.38,2025-05-14 23:25:03.279146,10716.31,4752.58
729,5431.12,2025-05-14 23:25:03.279151,11255.11,4434.21
730,2090.83,2025-05-14 23:25:03.279156,4544.72,4384.53
731,6305.11,2025-05-14 23:25:03.279160,13851.58,8098.22
732,15443.4,2025-05-14 23:25:03.279165,10798.02,3091.67
733,271.04,2025-05-14 23:25:03.279170,10899.87,2258.01
734,7707.34,2025-05-14 23:25:03.279175,7019.39,958.66
735,15690.9,2025-05-14 23:25:03.279179,10959.55,2333.91
736,16563.44,2025-05-14 23:25:03.279184,8102.9,3423.0
737,1265.15,2025-05-14 23:25:03.279189,11957.46,6826.03
738,900.66,2025-05-14 23:25:03.279194,5776.31,5049.42
739,15985.64,2025-05-14 23:25:03.279199,15051.75,5777.51
740,7365.75,2025-05-14 23:25:03.279204,7421.79,6263.04
741,1440.42,2025-05-14 23:25:03.279208,9493.4,7846.5
742,6844.42,2025-05-14 23:25:03.279214,7423.98,635.26
743,18666.9,2025-05-14 23:25:03.284338,2369.86,6267.17
744,11848.5,2025-05-14 23:25:03.284350,4172.8,3068.32
745,10942.44,2025-05-14 23:25:03.284355,6366.29,1978.9
746,9543.21,2025-05-14 23:25:03.284360,1007.92,1596.7
747,5072.42,2025-05-14 23:25:03.284364,7518.95,1766.37
748,298.18,2025-05-14 23:25:03.284368,10341.24,5716.23
749,1921.88,2025-05-14 23:25:03.284372,11934.46,1218.44
750,6149.62,2025-05-14 23:25:03.284376,15112.01,5072.59
751,15037.96,2025-05-14 23:25:03.284381,7449.95,8073.08
752,8070.67,2025-05-14 23:25:03.284385,8979.7,5678.13
753,8119.67,2025-05-14 23:25:03.284389,9495.92,4685.76
754,4312.39,2025-05-14 23:25:03.284393,3474.61,4424.4
755,9677.45,2025-05-14 23:25:03.284397,2198.54,5315.54
756,15409.82,2025-05-14 23:25:03.284401,2977.77,5716.27
757,13499.0,2025-05-14 23:25:03.284405,1424.78,8173.15
758,13909.06,2025-05-14 23:25:03.284409,15457.52,4778.12
759,9503.09,2025-05-14 23:25:03.284413,9170.45,3319.33
760,16813.2,2025-05-14 23:25:03.284417,15039.54,8025.64
761,13698.76,2025-05-14 23:25:03.284421,14501.64,6086.27
762,6175.35,2025-05-14 23:25:03.284432,2729.32,1233.56
763,15399.27,2025-05-14 23:25:03.284436,5932.24,2007.01
764,19076.26,2025-05-14 23:25:03.284440,11081.7,6785.1
765,12738.68,2025-05-14 23:25:03.284444,3725.34,1497.51
766,913.61,2025-05-14 23:25:03.284448,2815.77,1054.02
767,16843.3,2025-05-14 23:25:03.284452,12618.94,4390.32
768,7562.72,2025-05-14 23:25:03.284455,15897.81,5004.32
769,9121.9,2025-05-14 23:25:03.284459,14824.91,4339.5
770,14219.33,2025-05-14 23:25:03.284463,1017.86,3866.92
771,11225.25,2025-05-14 23:25:03.284468,6934.65,2973.49
772,13307.63,2025-05-14 23:25:03.284472,7528.88,3707.31
773,11447.92,2025-05-14 23:25:03.284475,9896.29,7886.86
774,17696.27,2025-05-14 23:25:03.284480,2335.4,7029.73
775,7713.14,2025-05-14 23:25:03.284484,6213.38,6025.01
776,675.49,2025-05-14 23:25:03.284487,13868.51,764.21
777,8134.12,2025-05-14 23:25:03.284491,6295.05,6092.25
778,9405.2,2025-05-14 23:25:03.284495,1564.53,6412.92
779,19501.03,2025-05-14 23:25:03.284499,9475.69,5431.67
780,19257.72,2025-05-14 23:25:03.284503,7620.69,1379.28
781,12699.79,2025-05-14 23:25:03.284507,10751.11,1598.83
782,13918.91,2025-05-14 23:25:03.284511,4341.1,2147.11
783,13894.43,2025-05-14 23:25:03.284515,9903.47,6252.13
784,3584.93,2025-05-14 23:25:03.284518,6246.47,1792.1
785,3222.05,2025-05-14 23:25:03.284522,7202.88,2150.96
786,5994.19,2025-05-14 23:25:03.284526,15811.72,7326.6
787,12281.63,2025-05-14 23:25:03.284530,14742.48,5466.12
788,11191.82,2025-05-14 23:25:03.284534,9548.75,3183.19
789,7869.42,2025-05-14 23:25:03.284538,14839.05,3811.58
790,8692.49,2025-05-14 23:25:03.284541,5478.06,3143.26
791,5234.5,2025-05-14 23:25:03.284545,14516.9,7886.77
792,14906.58,2025-05-14 23:25:03.284549,5610.87,2559.18
793,1459.88,2025-05-14 23:25:03.284553,14450.32,5395.89
794,7910.44,2025-05-14 23:25:03.284557,14920.05,5212.71
795,15059.63,2025-05-14 23:25:03.284561,4636.87,6145.5
796,17154.5,2025-05-14 23:25:03.284565,5136.82,4107.12
797,4528.3,2025-05-14 23:25:03.284569,14213.76,7516.59
798,5275.89,2025-05-14 23:25:03.284572,8887.37,5908.17
799,13147.65,2025-05-14 23:25:03.284576,9420.36,1668.83
800,954.88,2025-05-14 23:25:03.284580,5922.82,3861.03
801,12108.78,2025-05-14 23:25:03.284584,8155.42,7981.43
802,19766.54,2025-05-14 23:25:03.284588,11035.12,4765.43
803,15410.74,2025-05-14 23:25:03.284592,8835.77,7365.07
804,5392.17,2025-05-14 23:25:03.284596,4737.66,1328.89
805,159.52,2025-05-14 23:25:03.284600,14413.24,5068.06
806,2581.78,2025-05-14 23:25:03.284604,11369.08,1421.15
807,9574.74,2025-05-14 23:25:03.284608,1650.28,3114.59
808,17984.76,2025-05-14 23:25:03.284612,8778.58,2041.73
809,12605.95,2025-05-14 23:25:03.284616,12765.54,3464.35
810,9452.35,2025-05-14 23:25:03.284619,9784.08,7373.15
811,2513.22,2025-05-14 23:25:03.284623,4666.51,843.29
812,5562.75,2025-05-14 23:25:03.284627,7492.56,2935.09
813,18578.01,2025-05-14 23:25:03.284631,3225.73,5387.51
814,11331.47,2025-05-14 23:25:03.284635,13344.41,1631.48
815,14745.93,2025-05-14 23:25:03.284639,6336.57,1590.88
816,2295.97,2025-05-14 23:25:03.284642,12007.58,4191.77
817,17169.43,2025-05-14 23:25:03.284646,13964.79,4730.12
818,11898.11,2025-05-14 23:25:03.284650,3854.72,5158.8
819,12560.09,2025-05-14 23:25:03.284654,13593.74,8210.74
820,11107.54,2025-05-14 23:25:03.284658,7453.66,6949.32
821,18453.96,2025-05-14 23:25:03.284662,10142.26,8055.05
822,5221.83,2025-05-14 23:25:03.284666,6407.44,2886.76
823,5187.5,2025-05-14 23:25:03.284670,5908.84,3603.09
824,1692.84,2025-05-14 23:25:03.284674,4342.33,4836.32
825,7419.73,2025-05-14 23:25:03.284678,14275.27,2872.99
826,3671.34,2025-05-14 23:25:03.284681,13432.2,1760.57
827,13414.97,2025-05-14 23:25:03.284685,3035.98,7363.8
828,3898.06,2025-05-14 23:25:03.284689,7862.79,1964.89
829,8131.55,2025-05-14 23:25:03.284693,10840.35,649.73
830,4639.81,2025-05-14 23:25:03.284697,7761.43,5135.56
831,10088.69,2025-05-14 23:25:03.284701,11397.2,6907.97
832,7924.9,2025-05-14 23:25:03.284704,13323.32,7149.56
833,653.39,2025-05-14 23:25:03.284708,12872.05,8408.61
834,13022.5,2025-05-14 23:25:03.284712,11661.33,7677.49
835,11381.62,2025-05-14 23:25:03.284716,5208.7,6526.11
836,19185.27,2025-05-14 23:25:03.284720,3294.86,6937.74
837,1793.41,2025-05-14 23:25:03.284724,10939.96,4398.36
838,17785.37,2025-05-14 23:25:03.284728,1966.17,2607.97
839,19870.94,2025-05-14 23:25:03.284731,5531.47,7231.78
840,1168.91,2025-05-14 23:25:03.284735,4425.71,6851.51
841,16694.3,2025-05-14 23:25:03.284739,15208.74,1806.96
842,16301.33,2025-05-14 23:25:03.284743,10142.53,2742.65
843,7816.87,2025-05-14 23:25:03.284747,3717.61,6512.85
844,14596.65,2025-05-14 23:25:03.284751,12308.38,6570.21
845,3979.41,2025-05-14 23:25:03.284754,3002.15,8452.13
846,12472.17,2025-05-14 23:25:03.284758,4506.6,1590.34
847,2688.84,2025-05-14 23:25:03.284762,7019.09,8432.05
848,4310.52,2025-05-14 23:25:03.284766,14167.22,2337.77
849,4389.19,2025-05-14 23:25:03.284770,4804.58,4247.57
850,1354.42,2025-05-14 23:25:03.284774,11383.87,5862.62
851,8555.53,2025-05-14 23:25:03.284777,7844.41,7962.52
852,214.12,2025-05-14 23:25:03.284781,13838.54,1635.96
853,9567.76,2025-05-14 23:25:03.284785,10149.42,6507.23
854,6303.77,2025-05-14 23:25:03.284789,14479.68,953.32
855,5559.88,2025-05-14 23:25:03.284793,6552.93,948.4
856,18831.24,2025-05-14 23:25:03.284797,3595.62,2346.64
857,11634.42,2025-05-14 23:25:03.284800,12543.74,7028.52
858,3412.55,2025-05-14 23:25:03.284804,1435.65,2666.83
859,18358.0,2025-05-14 23:25:03.284808,12886.06,873.33
860,10803.68,2025-05-14 23:25:03.284812,7876.79,8072.38
861,15991.1,2025-05-14 23:25:03.284816,13142.49,6877.31
862,18345.43,2025-05-14 23:25:03.284822,1245.78,4133.75
863,3260.89,2025-05-14 23:25:03.284826,3451.1,6876.55
864,5853.48,2025-05-14 23:25:03.284848,14216.2,967.92
865,16286.48,2025-05-14 23:25:03.284852,11833.19,7830.33
866,5178.87,2025-05-14 23:25:03.284857,14246.47,4200.56
867,15523.76,2025-05-14 23:25:03.284861,2523.85,7838.75
868,12843.86,2025-05-14 23:25:03.284865,11364.76,3068.92
869,5209.0,2025-05-14 23:25:03.284869,2588.06,6793.28
870,12014.4,2025-05-14 23:25:03.284873,13933.98,7905.27
871,1000.93,2025-05-14 23:25:03.284877,6396.41,4832.99
872,10736.46,2025-05-14 23:25:03.284880,14807.47,1732.69
873,13552.77,2025-05-14 23:25:03.284884,10433.83,3215.83
874,17444.2,2025-05-14 23:25:03.284888,1961.34,1744.41
875,11975.94,2025-05-14 23:25:03.284892,13039.97,5179.47
876,13761.85,2025-05-14 23:25:03.284896,6779.16,6566.0
877,5634.95,2025-05-14 23:25:03.284900,4820.84,4557.07
878,14789.95,2025-05-14 23:25:03.284904,15207.31,4383.74
879,12544.02,2025-05-14 23:25:03.284908,7770.54,6655.37
880,1526.18,2025-05-14 23:25:03.284912,3794.6,1539.93
881,1719.05,2025-05-14 23:25:03.284916,1707.19,4747.33
882,19320.21,2025-05-14 23:25:03.284919,1629.45,6075.11
883,19650.4,2025-05-14 23:25:03.284923,9291.98,6958.74
884,14854.95,2025-05-14 23:25:03.284927,1749.95,7830.65
885,19519.96,2025-05-14 23:25:03.284931,2109.01,7340.46
886,17259.08,2025-05-14 23:25:03.284935,8270.97,6048.69
887,15958.75,2025-05-14 23:25:03.284938,14987.99,5286.11
888,7050.44,2025-05-14 23:25:03.284942,9816.35,5455.41
889,5036.38,2025-05-14 23:25:03.284946,6324.39,5285.42
890,14704.37,2025-05-14 23:25:03.284950,14461.0,1375.14
891,2040.47,2025-05-14 23:25:03.284954,3632.54,7742.53
892,18906.93,2025-05-14 23:25:03.284958,12226.57,2498.19
893,11151.13,2025-05-14 23:25:03.284961,3726.82,671.71
894,17143.1,2025-05-14 23:25:03.284965,3244.8,1403.89
895,3522.95,2025-05-14 23:25:03.284969,11186.91,5980.79
896,5213.46,2025-05-14 23:25:03.284973,14186.05,3560.0
897,19162.28,2025-05-14 23:25:03.284977,14631.57,6420.3
898,30.15,2025-05-14 23:25:03.284981,9093.68,2064.02
899,19523.24,2025-05-14 23:25:03.284985,5416.41,4042.55
900,18096.87,2025-05-14 23:25:03.284989,1277.83,4517.63
901,10371.3,2025-05-14 23:25:03.284993,8628.62,5140.88
902,6611.87,2025-05-14 23:25:03.284997,5064.43,666.48
903,3324.2,2025-05-14 23:25:03.285001,13902.72,5410.8
904,7550.46,2025-05-14 23:25:03.285005,8612.3,3294.89
905,12241.55,2025-05-14 23:25:03.285052,14124.34,2015.73
906,13637.42,2025-05-14 23:25:03.285056,8452.53,5491.31
907,18075.47,2025-05-14 23:25:03.285060,6958.91,5577.29
908,4184.06,2025-05-14 23:25:03.285075,15214.43,5281.86
909,6330.65,2025-05-14 23:25:03.285080,4497.57,1979.89
910,18425.64,2025-05-14 23:25:03.285083,8112.48,6858.32
911,3200.36,2025-05-14 23:25:03.285087,6380.39,1728.89
912,8367.22,2025-05-14 23:25:03.285091,14287.33,3294.32
913,1674.3,2025-05-14 23:25:03.285095,13142.82,1570.57
914,13082.4,2025-05-14 23:25:03.285099,9590.57,7919.57
915,3018.19,2025-05-14 23:25:03.285103,5287.56,1070.69
916,18481.21,2025-05-14 23:25:03.285107,15325.75,6648.84
917,4367.33,2025-05-14 23:25:03.285110,3274.52,3041.97
918,15149.02,2025-05-14 23:25:03.285114,11516.97,3717.79
919,8717.83,2025-05-14 23:25:03.285118,7949.09,6261.61
920,3083.39,2025-05-14 23:25:03.285122,7129.08,7113.35
921,14454.4,2025-05-14 23:25:03.285146,10961.2,8131.64
922,854.91,2025-05-14 23:25:03.285150,6654.75,3181.8
923,5184.18,2025-05-14 23:25:03.285154,8715.58,5670.46
924,11024.5,2025-05-14 23:25:03.285158,2456.44,2138.1
925,2139.38,2025-05-14 23:25:03.285162,10820.52,6582.26
926,808.95,2025-05-14 23:25:03.285166,5089.17,4775.46
927,17019.83,2025-05-14 23:25:03.285169,11565.59,1756.27
928,16378.44,2025-05-14 23:25:03.285173,2255.62,7304.03
929,1887.22,2025-05-14 23:25:03.285177,13432.54,6756.89
930,7442.26,2025-05-14 23:25:03.285181,5441.09,5801.97
931,17668.72,2025-05-14 23:25:03.285185,11668.43,4806.61
932,17394.6,2025-05-14 23:25:03.285189,9151.6,4786.28
933,19828.68,2025-05-14 23:25:03.285192,5469.31,567.49
934,15271.52,2025-05-14 23:25:03.285196,2646.03,3113.73
935,11125.44,2025-05-14 23:25:03.285200,1877.31,2974.43
936,6111.89,2025-05-14 23:25:03.285204,3003.48,7194.56
937,19.2,2025-05-14 23:25:03.285208,12919.19,1921.29
938,18561.37,2025-05-14 23:25:03.285212,14733.49,4482.62
939,12765.62,2025-05-14 23:25:03.285216,8206.62,7155.27
940,10415.62,2025-05-14 23:25:03.285219,12639.08,8178.1
941,12756.12,2025-05-14 23:25:03.285223,5226.53,7461.73
942,14978.69,2025-05-14 23:25:03.285227,12626.06,1450.02
943,8706.89,2025-05-14 23:25:03.285232,2939.52,2869.55
944,3605.85,2025-05-14 23:25:03.285235,10157.73,6218.87
945,8722.37,2025-05-14 23:25:03.285239,3172.46,1100.83
946,3660.43,2025-05-14 23:25:03.285243,5584.57,1011.71
947,5686.44,2025-05-14 23:25:03.285247,10176.01,4755.18
948,15916.75,2025-05-14 23:25:03.285250,2691.52,6361.91
949,18753.22,2025-05-14 23:25:03.285254,14755.55,5046.82
950,17237.45,2025-05-14 23:25:03.285258,13987.62,1220.38
951,17254.02,2025-05-14 23:25:03.285262,7697.7,7103.06
952,8125.03,2025-05-14 23:25:03.285266,10141.16,8314.11
953,5553.7,2025-05-14 23:25:03.285269,11359.82,1272.28
954,3217.67,2025-05-14 23:25:03.285273,11474.63,1387.15
955,10991.05,2025-05-14 23:25:03.285278,1855.2,7501.47
956,8444.97,2025-05-14 23:25:03.285282,1314.05,6005.51
957,3361.83,2025-05-14 23:25:03.285286,1031.96,543.06
958,18724.92,2025-05-14 23:25:03.285290,12219.94,4813.93
959,3867.84,2025-05-14 23:25:03.285293,6940.45,7483.75
960,76.98,2025-05-14 23:25:03.285455,10477.12,3113.1
961,3589.21,2025-05-14 23:25:03.285466,4664.08,4735.68
962,4698.87,2025-05-14 23:25:03.285470,11646.77,7982.54
963,11063.01,2025-05-14 23:25:03.285475,3427.58,3843.44
964,16206.33,2025-05-14 23:25:03.285479,3563.74,6726.83
965,15346.13,2025-05-14 23:25:03.285482,1936.72,4108.81
966,10679.64,2025-05-14 23:25:03.285486,7482.93,7081.08
967,15125.73,2025-05-14 23:25:03.285490,15003.44,7362.36
968,3546.21,2025-05-14 23:25:03.285494,9337.15,7616.28
969,17640.28,2025-05-14 23:25:03.285498,8524.02,7643.65
970,13463.5,2025-05-14 23:25:03.285503,14241.46,2130.77
971,16291.15,2025-05-14 23:25:03.285507,7112.64,6475.87
972,10113.16,2025-05-14 23:25:03.285511,10525.0,7566.18
973,19269.5,2025-05-14 23:25:03.285515,14695.76,6500.34
974,15359.27,2025-05-14 23:25:03.285525,3655.5,4139.01
975,4956.64,2025-05-14 23:25:03.285529,9282.25,8221.06
976,2173.2,2025-05-14 23:25:03.285533,15597.21,2018.98
977,13276.48,2025-05-14 23:25:03.285537,12866.53,2109.0
978,4512.18,2025-05-14 23:25:03.285541,10131.61,1293.19
979,10811.29,2025-05-14 23:25:03.285545,8621.53,8266.53
980,6986.55,2025-05-14 23:25:03.285549,3802.52,6397.38
981,14566.46,2025-05-14 23:25:03.285553,1949.51,4314.97
982,14164.94,2025-05-14 23:25:03.285557,12463.81,8027.8
983,395.7,2025-05-14 23:25:03.285561,15290.01,4358.23
984,7712.85,2025-05-14 23:25:03.285565,10759.64,3879.94
985,12582.99,2025-05-14 23:25:03.285568,6553.51,5156.01
986,125.48,2025-05-14 23:25:03.285573,14482.81,4805.81
987,2009.02,2025-05-14 23:25:03.285577,10812.84,2631.21
988,15406.49,2025-05-14 23:25:03.285581,10317.55,4236.71
989,8891.89,2025-05-14 23:25:03.285585,7146.27,4185.15
990,10063.36,2025-05-14 23:25:03.285589,2660.03,8259.5
991,8379.99,2025-05-14 23:25:03.285593,13798.43,5646.01
992,10820.36,2025-05-14 23:25:03.285597,5483.63,5785.93
993,3563.9,2025-05-14 23:25:03.285600,11133.35,8425.41
994,16438.17,2025-05-14 23:25:03.285604,3260.13,3626.31
995,7372.79,2025-05-14 23:25:03.285608,15300.12,3694.03
996,7689.44,2025-05-14 23:25:03.285612,3562.22,7459.02
997,11494.92,2025-05-14 23:25:03.285616,2413.01,3089.38
998,4082.8,2025-05-14 23:25:03.285620,10251.14,5245.41
999,17822.18,2025-05-14 23:25:03.285624,3437.61,3109.2
1000,12046.88,2025-05-14 23:25:03.285628,11067.44,5526.2
